,,Question,Réponse
1,FAQ15-1,Peut-on dire que la première énigme est considéré comme un point départ dans la quête ou non ?,"La réponse est oui, en même temps que le texte préliminaire du testament."
2,FAQ15-2,Est-ce qu'on peut résoudre la quête finale sans vraiment décrypter les images ?,"Non, c'est impossible."
3,FAQ15-3,"Tracez ce que Dieu veut, implique-t-il de suivre une lumière spécifique tout au long du chemin, ou quelque chose qui évoque la repentance ?","Non, ce sera même plus terre à terre que ça."
4,FAQ15-4,Vous avez indiqué que sur le visuel cinq le personnage portait sur lui notre première relique.  Est-ce qu'on la lui a donné ou bien l'a-t-il prise de son propre chef là où elle se trouvait ?,Il l'a prise de son propre chef.
5,FAQ15-5,"Vous avez précisé que la chasse ne demandait pas à trouver des coordonnées GPS. Pour qu’aucun doute ne persiste, pouvez-vous préciser ce que vous entendez par coordonnées GPS ? Car dans sa forme stricte, cela n'élimine pas les latitudes et les longitudes.","Je disais, qu'en effet, il n'y avait pas d'anachronisme à ce niveau là. C'est à dire que, notamment à l'époque du Comte de Saint-Germain, il n'y a pas le système de positionnement géographique tel qu'on le connaît depuis les années 70 avec le GPS. C'était des coordonnées exprimées en degrés, minutes, secondes et pas en degrés décimaux. Vous pouvez très bien trouver des coordonnées longitude-latitude mais exprimées sous la forme de l'époque."
6,FAQ15-6,"Au final, tout n'est-il pas question de perspective ?",C’est compliqué de répondre en bloc à cette question. Je vais passer là-dessus.
7,FAQ15-7,"En ce qui concerne d'exception poétique, pouvez-vous nous dire si vous faites fi des règles de césure d’hémistiche, de diérèse, voire d’élision dans votre versification ?","Non, complètement, le poème respecte l'ensemble ces règles. Et donc je dis bien qu'il y a une exception sur un vers pour les besoins de la chasse. Et donc, que ce soit en français ou dans une autre langue, je pense que vous pourrez trouver facilement de quelle exception il s'agit."
8,FAQ15-8,"Vous disiez que la charade résulte d'une concaténation des éléments des différents items et que même si elle ne respectait pas parfaitement la définition officielle, elle s'en approchait. De fait, si on est très proche de la définition officielle, peut-on exclure la concaténation d'une seule lettre des éléments trouvés sur les différents items ?","La réponse de la charade ça ne sera pas qu'une seule lettre. Mais je n'exclus pas le fait que vous puissiez trouver une seule lettre pour chaque élément de la charade, ou un seul chiffre ou une seule syllabe. Mais ce ne sera pas exactement la définition d’une charade qui est de trouver des mots, et ensuite ça fait un jeu de mot phonétique pour trouver un nouveau terme."
9,FAQ15-9,"En paraphrasant un slogan bien  connu des années 80, si je vous disais “Un verre, ça va. Trois verres, bonjour les dégâts”. Me conseilleriez-vous plutôt de dépasser le monostiche pour aller vers un tercet, un quatrain, voire un sonnet ?",Je vous conseillerais de ne pas essayer d'inventer votre propre poésie et de vous baser sur la forme poétique qui est déjà offerte dans le parchemin. Sinon ça devient très compliqué.
10,FAQ15-10,Est-ce que les marches en bas à gauche de l’illustration cinq ont leur importance ? Ou est-ce que c'est une simple liberté de l'illustratrice ?,"Non, Il y a un escalier en bas à gauche de l’illustration cinq et c'est à prendre en compte dans le jeu."
11,FAQ15-11,L'énigme quatre se résout-elle comme dans les trois premières énigmes ?,"Non, l’énigme quatre est différente des trois premières. La méthode de décodage est également différente."
12,FAQ15-12,"Entre ces deux versions, après traduction, un célèbre axiome, laquelle serait-elle le plus en correspondance avec la chasse ? Ce qui est en haut vient de ce qui est en bas. Ce qui est en bas vient de qui est en haut. Ou ce qui est en haut est semblable à ce qui est en bas. Et ce qui est en bas est semblable à ce qui est en haut.","Je ne pourrais pas faire une réponse sur l'ensemble du jeu. Après, sur un élément important du jeu, celle qui me parle le plus, c'est plutôt la première. Et plus spécifiquement, ce qui est en haut vient de ce qui est en bas. Donc la première partie de la première."
13,FAQ15-13,La crosse rouge dans la main de notre personnage pourrait-elle être supprimée de l’illustration ?,Non.
14,FAQ15-14,"Dans le testament, Vienne c’est en Autriche ou en France ?",C'est en Autriche.
15,FAQ15-15,"Sur les visuels trois et six, le personnage a un liseré doré. Il n'y en a pas sur les autres visuels.","Partez du principe qu'il a un liseré doré sur tous les visuels. Je pense que parfois le personnage est vu de loin ou de trop près pour que le liseré ait pu être inséré, mais il est bien présent."
16,FAQ15-16,"Concernant la plume du visuel deux, il y a deux réponses différentes. Elle ne définirait ni un personnage ni un lieu. Elle peut faire référence à un écrivain. Ça me semble un peu paradoxal.","Alors ça m’étonne d’avoir exactement répondu ça. Mais non, ça ne fait pas référence à un personnage ni à un lieu. Et ça peut faire penser à l'écriture, mais pas à un écrivain."
17,FAQ15-17,"Dans l'illustration une, les deux teintes sur la carte de l'Europe sont-elles à prendre en compte ?","Non, c'était pas important."
18,FAQ15-18,"Visuel cinq, le personnage se débarrasse de l'épée, mais va-t-il la récupérer plus tard dans la chasse ? Digne de s'en servir ?","Oui, tout à fait."
19,FAQ15-19,"Dans l'énigme cinq, le fait que le personnage lâche son épée au seuil du bâtiment doit-il être considéré comme un geste de respect plutôt que de sécurité ?",Alors ce n'est pas un geste de sécurité. Le terme de respect n'est pas exactement approprié.
20,FAQ15-20,"Une fois les éléments de la charade identifiée en quatre, faut-il nécessairement comprendre 1543, 1938 et/ou le titre pour identifier ma première relique ?","Oui, je pense que c'est très important de comprendre. Vous pouvez trouver sans ces deux nombres, mais ça me paraît beaucoup plus difficile. Et ça peut également réduire votre compréhension de la chasse dans son ensemble."
21,FAQ15-21,L'Église Saint Germain à Vitteaux est-elle intéressante ?,Je ne peux pas répondre à cette question.
22,FAQ15-22,Question sur le poème: Si je déconstruis le poème vers par vers afin de le reconstruire. Suis-je dans le bon sens ?,Non.
23,FAQ15-23,Doit-on voir le poème comme un dialogue ou comme un monologue ?,Il s'agit d'un monologue.
24,FAQ15-24,"“Elles sont trinité”, cette trinité est-elle présente  dans le poème ? Est-ce Cendres, Fleur, Pierre ou autre ?","Là-dessus, je ne peux pas apporter de réponse."
25,FAQ15-25,Le pile poil est-il dans une zone inondable ?,C'est trop précis. Je ne vais pas donner de localisation positive ou négative sur la zone du pile poil. Ça gâcherait même un peu une partie du jeu.
26,FAQ15-26,Est-ce qu’on reconnait sur l’énigme une la grappe par une nuance de couleur sur la carte ou par un tracé ?,Vous allez reconnaitre la grappe par un tracé.
27,FAQ15-27,"Contre la gueule de bois, il est souvent recommandé de ne pas combattre le mal par le mal. Alors pour se purger, seriez-vous plutôt sauna ou hammam ? Ou les deux ?","Ni l'un, ni l'autre."
28,FAQ15-28,"Afin de l'aider dans sa croissance, le lierre de la connaissance s'appuie-t-il sur un ou plusieurs piliers du savoir ?","Oui, tout à fait."
29,FAQ15-29,"Si je vous disais que nos fameux navigateurs, Riri, Fifi et Loulou étaient d'au moins deux nationalités et représentaient au moins deux compagnies maritimes différentes. Seriez-vous d'accord ?","Non, je ne serais pas d'accord."
30,FAQ15-30,Le personnage barbu aime-t-il les animaux ?,Je ne peux pas répondre à cette question.
31,FAQ15-31,L'alignement pré existant assez célèbre auquel vous faites allusion en FAQ est-il à la fois international et intercontinental ? Et peut-il servir de guide ou tout au moins de repère ?,"Alors sur la première partie, je n'apporterais pas de précisions, mais il peut tout à fait servir de guide et de repère dans le cadre de l'Élixir d’Or."
32,FAQ15-32,Dois-je faire une rectification avant d'utiliser objet de la chambre caché ?,C'est une très bonne remarque et la réponse est oui.
33,FAQ15-33,"Quand je suis surpris de découvrir le lieu du mal, un autre mal me guette moi et mes erreurs ?","Oui, un autre mal vous guette et potentiellement également des fausses pistes. Je serais tenté de répondre par l'affirmative à vos deux questions."
34,FAQ15-34,"Si je vous disais autres temps, autres lieux et pourtant si familiers, est-ce que cela ferait force de loi ?","Et je serais tenté de dire qu'on peut considérer que votre première partie autre temps, autre lieu, et pourtant si familier, se prête bien dans le contexte de la chasse. Après, je ne préfère pas commenter sur la notion de force de loi. En tout cas, je ne vois pas le lien direct avec l'Élixir."
35,FAQ15-35,On peut trouver la chambre cachée sans avoir trouvé le lieu familier. Mais le lierre de la connaissance poussera-t-il si nous n'avons pas trouvé le lieu familier ?,La réponse est oui. Le lierre poussera quand même.
36,FAQ15-36,La pièce dont on dispose encore de 1776 exemplaires est-elle titrée au dessus de 999 sur 1000 ?,"Pour le tirage de la pièce, vous pouvez vous baser sur les premiers tirages. Et ceux pour lesquels il y avait une conversion claire sur laquelle on a des sources historiques."
37,FAQ15-37,Le titrage de la pièce communément cherchée intervient-il dans le calcul ?,"Ce qui compte, et ce qui va intervenir dans le calcul, c'est la conversion en or que vous allez faire de la pièce."
38,FAQ15-38,Est-ce qu'on devrait douter de vos indices et de vos réponses en FAQ ? Sachant que dans votre vie antérieure vous étiez un menteur ?,"Alors bien distinguer le Comte de Saint-Germain et les réponses que je peux apporter à vos questions. Il n'y a pas vraiment de roleplay. Je ne vais pas m'amuser à vous induire en erreur, en particulier dans les indices et les coups de pouce. Ce n'est pas du tout l'objectif."
39,FAQ15-39,"Plus globalement, en dehors de la concaténation, pour la charade de l’énigme quatre, une concaténation désigne, ou leurs résolutions, par exemple la célèbre tirade de Sganarelle dans le Dom Juan de Molière : “Le ciel est au-dessus de la terre, la terre n'est point la mer, la mer est sujette aux orages, les orages tourmentent les vaisseaux”. Pourrait-elle être utile et nécessaire ?","Sans parler de Dom Juan, il y a tout à fait une pertinence dans votre façon de parler d’une concaténation des énigmes,  qui peut prendre plusieurs formes d’ailleurs. Là-dessus, c'est plutôt à vous de savoir de quelle concaténation on va parler dans le cadre de l'Élixir. Mais c'est pertinent."
40,FAQ15-40,"Un récit existant et/ou plusieurs récits existants imbriqués ensemble d'une manière particulière à celle de certains créateurs d'énigmes, pourrait-il révéler le fil rouge ?","De façon générale, je lis les solutions de toutes les chasses au trésor connues qui ont trouvé la solution en France notamment. Pour éviter de reproduire des mêmes schémas de solutions. Donc je pense que non."
41,FAQ15-41,"1938, n'est ce pas une date trop récente par rapport à la rédaction du parchemin et à la mort du Comte ?","Je ne me suis jamais prononcé sur le fait que c’était une date ou un nombre. C'est à vous de savoir à quoi peut correspondre 1938. Et ensuite, j’ai déjà pas mal de fois évoqué le rapport au temps particulier du Comte."
42,FAQ15-42,Dans la chambre cachée vous a dit qu'au moins une personne y était les yeux clos pour toujours. Est-ce que ce corps y est encore à l'heure actuelle ? Est-ce que ce corps y est physiquement où seul le souvenir de la personne y est présent sous une autre forme ?,Je crois qu'aujourd'hui il n'y a plus que le souvenir de cette personne et cette personne n'y est plus physiquement.
43,FAQ15-43,"Si je réussi le dernier combat, suis-je susceptible d'avoir une attestation de la part de quelqu'un ?","Euh non. Je ne sais pas quelle pourrait être cette attestation, mais je préfère vous dire que non. On n'est pas au temps du Covid."
44,FAQ15-44,"Si je vous disais que je pourrais trouver le plus noble or qui soit, celui qu'on ne voit pas en visitant l'intérieur de la terre. Que me répondriez-vous ?","Je vous répondrais que non, ça ne s'applique pas à cette partie là du jeu."
45,FAQ15-45,"Dans son sketch ""Causerie du délégué de la ligue anti-alcoolique"", L'acteur Bourvil dit la phrase suivante: “L'alcool non, mais l'eau ferrugineuse oui”.","Bourvil n'aura pas forcément d'impact dans la chasse, mais l'eau a un positionnement central dans le jeu, tout comme d'autres éléments. Parmi les quatre éléments de base qui constituent la Terre."
46,FAQ15-46,Suis-je dans le faux en voyant un lien entre les métaux et la charade ?,"Là-dessus, je ne pourrais pas répondre. C'est un peu trop précis."
47,FAQ15-47,"Une certaine méthode précise, récurrente, voire récursive, pourrait constituer l'ADN du fil rouge ?","Non, il ne s'agit pas d'une méthode."
48,FAQ15-48,"Vous avez indiqué qu'il était judicieux d'associer la croix au centre de la carte du visuel deux à la grappe de raisins. Puis-je donc considérer que la grappe est présente sur cette carte, au moins en partie ?",Oui.
49,FAQ15-49,"Est-ce que dans l'illustration une, le personnage est de la même époque que le pauvre RC qui n'est visiblement pas dans sa tombe vu que ce n'en est pas une ?","Je ne peux pas répondre sur ce que signifie, symbolise RC sur ce visuel."
50,FAQ15-50,Je vois une sorte de placement publicitaire dans l'illustration trois. Ai-je mal vu ?,"Si vous y voyez un placement publicitaire, est-ce que vous pouvez préciser de quelle marque il s'agit ? Et je vous confirme que non, nous ne faisons aucun placement publicitaire dans nos chasses au trésor. Ce serait très inélégant."
51,FAQ15-51,"La coiffe du cheval, illustration six, aurait-elle pu être d'une autre couleur que verte ?",Je ne peux pas répondre à cette question.
52,FAQ15-52,Le pion noir de l'illustration deux PLUS ULTRA et l'angle du rapporteur font-ils référence à un grade ?,Je ne peux pas répondre à cette question.
53,FAQ15-53,"Lorsque l'on a dépensé nos 1776 pièces, a-t-on parcouru un nombre entier de lieues ?","Non, ça ne tombe pas sur un nombre exact."
54,FAQ15-54,Devons-nous payer notre dernière pièce pour une lieue entamée ?,"Oui, il faut dépenser toutes vos pièces."
55,FAQ15-55,Monsieur RC de l’indice deux est-il le même que l'entité de l'énigme deux ?,Pas nécessairement. RC peut signifier plusieurs choses dans le cadre de la chasse.
56,FAQ15-56,Une inversion temporelle a-t-elle été constatée entre le poème et les visuels ?,"Je ne peux pas répondre à cette question, mais vous avez raison de vous poser la question de la temporalité et l'ordre du poème ou des visuels."
57,FAQ15-57,Les cercles à intérieur du soleil du visuel cinq sont-ils à décrypter avec l'œil et Fugio ? Ou tout est séparé ?,"Tout forme un ensemble, donc c’est à décrypter en même temps que l'œil et Fugio. Oui."
58,FAQ15-58,Est-ce que je peux miser sur le bon cheval sans avoir su placer mes guides ?,La réponse est non.
59,FAQ15-59,Vous avez dit dans une FAQ précédente qu'un bout de notre lierre était présent sur l'endroit où se trouve la grappe. L’est-il de manière palpable ?,"Ça va être au même endroit. Après, les deux éléments qui sont au même endroit sont tous les deux palpables. Après leur union n'est pas forcément palpable. Ils vont être sur la même zone, mais ceux sont deux lieux bien distincts."
60,FAQ15-60,"Dans l’indice évoquant Jerimadeth psalmodiant à Thie, à la fin du mal de tête, est-il possible de tomber sur une fausse piste ?","Je ne sais pas si vous pouvez tomber sur une fausse piste, mais il y a une petite astuce qui n'est normalement pas très compliquée à trouver. On va dire que c'est une astuce littéraire."
61,FAQ15-61,"Vous le savez peut-être, dans l’alphabet runique du vieux Futhark, il y a deux ou trois caractères qui sont nettement plus petits que les autres. L'illustratrice a-t-elle respecté cela ?",Plus ou moins. Elle n'a pas entièrement respecté ça.
62,FAQ15-62,"Passons à l'énigme trois si vous voulez bien, et considérons la ligne X bestiae numerus X circuli infini. S'il me prenait l'envie de modifier cette ligne en ajoutant quelque chose avant le premier X, est-ce que m'intéresser à l'échiquier serait une très bonne idée ?","Je vous déconseille d'avoir cette envie. Cette envie vous induira en erreur. Donc prenez la ligne telle qu'elle est dans le parchemin, n'essayez pas de la modifier."
63,FAQ15-63,Si on étend les bras en croix peut-on trouver un nombre sur l’énigme trois ?,Je vous déconseille d'étendre les bras en croix. Et vous ne trouverez pas un nombre.
64,FAQ15-64,"Vous avez dit que les novices avaient autant de chances, voire plus que les avertis. En quoi auraient-ils plus de chance ?","Ils auraient potentiellement plus de chance dans la mesure où ils n'auraient pas des réflexes d'experts en cryptographie. Et où ils seraient peut-être plus réceptifs à leur intuition, leur capacité d’association d'idée ou d'imagination à un moment crucial du jeu par rapport à des chasseurs de plus en plus expérimentés."
65,FAQ15-65,"Dans l’énigme trois, les quatre mots en latin x bestiae auraient-ils pu être remplacés par d'autres mots de sens différents mais ayant des caractéristiques similaires ?","Non, pas du tout. Il était très important que ce soit ces termes en particulier."
66,FAQ15-66,"Sur l'illustration trois, le jeu de Faro m'incite à dénombrer des occurrences de certaines choses. Est-ce utile pour la chasse ?",Je serais plutôt tenté de répondre non.
67,FAQ15-67,Avoir l'oreille musicale pourra-t-il aider à trouver le pile poil ?,"Si par oreille musicale vous vous entendez aussi oreille poétique, par exemple, oui, ça peut vous aider à un stade très avancé du jeu."
68,FAQ15-68,"Le maître à la bataille, Peut on lui donner un autre qualificatif, par exemple roi de la bataille ou autre ?",Pas du tout. Il était extrêmement important que le terme soit “maître”.
69,FAQ15-69,Suis-je sur la bonne voie si j'associe le sablier de l'illustration une à une invitation à la rectification ?,Non.
70,FAQ15-70,Est-ce qu'une des énigmes a un rapport avec la pierre philosophale ?,Il y a une pierre très importante dans le jeu. Mais je ne pourrais pas vous dire s'il s'agit de la pierre philosophale.
71,FAQ15-71,Si je vous dis que cette quête de l’Élixir m'oblige à renaître et à passer par des chemins obscurs pour voir la lumière et pour obtenir l'immortalité spirituelle. Me conseillez-vous de continuer sur cette voie ?,"Vous êtes globalement sur la bonne voie, oui."
72,FAQ15-72,Les trinités que l'on pourrait voir près du jeu final sont-elles visibles de jour comme de nuit ?,"Je ne peux pas répondre au terme de trinité. Par contre, de nuit comme de jour, vous avez les mêmes chances de pouvoir localiser l'emplacement exact du coffre. Donc, l'heure à laquelle vous allez creuser ne change absolument rien."
73,FAQ15-73,"Concernant les 18 degrés du rapporteur, quelle expression vous semblerait correcte : “Plutôt deux fois qu'une”, “Jamais deux sans trois” ?",Il n'y en a aucune des deux qui me semble correcte.
74,FAQ15-74,"Un RC peut en cacher un autre, mais pourrait-il en cacher plus qu'un autre ?","C'est une très bonne question et je ne peux pas y répondre. Mais vous avez raison de creuser un peu le sujet, d’aller au delà d'une résolution simple."
75,FAQ15-75,"J'avais un fil bien rouge, mais une réponse dans une précédente FAQ l’a brisé en 2000 morceaux. Confirmez-vous qu'il n'y a pas un grand nombre de personnes qui remercient notre personnage ?","Le terme de “remerciement” ne me parle pas, sauf si vous arrivez à me préciser à quel stade du jeu vous le relier. Mais sinon, je serais tenté de répondre que non."
76,FAQ15-76,Pensez-vous qu'un miroir pourrait nous faire apparaître la vérité ?,"LA vérité avec un “L” majuscule, non."
77,FAQ15-77,"Afin de préciser un peu ce que nous sommes censés trouver comme fil rouge qui serait moins long qu'une phrase, laquelle de ces propositions s’en rapprocherait le plus selon vous : Le combat de Mohamed Ali contre Joe Frasier ? Le succès du marabout de Paul Pogba ?","Je n'en ai aucune idée. Donc je dirais aucun des deux. Je ne pense pas que ce soit vraiment lié ou corrélé. La notion de combat, ceci dit, est très importante dans la chasse de l'Élixir."
78,FAQ15-78,"Pourriez-vous, s.v.p, être notre premier guide et nous reconfirmer à quelles énigmes correspondent les différents indices et coups de pouce de la chasse ? Pour rappel, coup de pouce un “clepsydra”, coup de pouce deux “égale distance”, coup de pouce trois “Près du thé”, “six pieds”, “Ich trage”.","Peut-être pas pour toutes. Pour l’égale distance, c'est assez facile, il s'agissait d'une aide s'agissant de l'énigme écrite numéro cinq. S'agissant de “Près du thé”, il s'agissait de l'énigme une. “Six pieds” et “Ich trage” ou “clepsydra”, là, je vous laisse un peu plus maturer parce que soit c'est plus large, soit ça demande un peu plus de travail."
79,FAQ15-79,Il semblerait que le Tour de France en 20 jours ne vous inspire pas énormément chaque été. Diriez-vous que l'univers d'un tour beaucoup plus long pourrait être intéressant à étudier dans le cadre de la chasse ?,"Si vous parlez d'une référence à Jules Verne, je vous répondrais que non. Si vous faites une autre référence, par exemple la révolution d'une planète ou autre, je ne pourrais pas répondre à cette question."
80,FAQ15-80,Pourrait-on qualifier la pierre d'attente de volumineuse ?,"C'est une très bonne remarque et la réponse est oui, elle est plutôt volumineuse."
81,FAQ15-81,"Concernant les pièces dépensées pour atteindre le lieu familier, le paiement s'effectue-t-il à chaque lieue ou globalement à la fin du trajet ?","Le paiement s'effectue à la fin du trajet. Enfin, vous n’allez pas véritablement payer. On va dire que vous dépensez tout d'un coup."
82,FAQ15-82,"La Trinité et “ce que Dieu veut”, l'un ou l'autre nous conduit-il  pile poil sur le pile poil ? Ou nous avons seulement à picorer dans la zone indiquée sans indications précises ?",Je ne peux pas répondre à cette question.
83,FAQ15-83,"Juste pour nous confirmer, quand vous dites que nous connaissons tous le petit barbu, c’est bien avant d'avoir ouvert le parchemin, n'est-ce pas ?",Je ne donne pas d'indication sur le personnage à ce stade du jeu. Plusieurs joueurs l'ont déjà trouvé et j'ai déjà dit beaucoup de choses sur le personnage.
84,FAQ15-84,Suis-je dans le vrai si je pense que notre personnage encapuchonné suive un instruction d'un ami italien prisonnier ?,"C'est une très bonne question. Il peut y avoir un ami italien qui peut intervenir dans le jeu. Mais évidemment, je ne pourrais pas vous dire de qui il s'agit et à quel point il peut être utile."
85,FAQ15-85,Je fais deux cercles de 1776 pièces de rayon avec comme centre mes deux points ?,"Oui, c'est ça. Exactement."
86,FAQ15-86,Le terme rose de la croix présente sur l'habit du personnage au visuel un est-elle à interpréter uniquement en tant que couleur ?,"Non, ce n'est pas à interpréter uniquement comme une couleur. Et on est plus proche du rouge que du rose à ce stade de l'aventure."
87,FAQ15-87,"Concernant les quatre cavaliers, peut-il être intéressant de leur attribuer un ordre dans le sens d'une chronologie ?",Oui.
88,FAQ15-88,"Le centre de l'univers du coup de pouce un représente un lieu bien précis d’après une FAQ précédente. Aurait-il la même atmosphère, ambiance, que chambre cachée ? Sans évoquer de lien, mais juste une ressemblance ?",Non. Il n'y a pas de ressemblance immédiate entre les deux.
89,FAQ15-89,La chambre cachée est-elle plus ancienne que le centre de l'univers ?,"Oui, tout à fait."
90,FAQ15-90,"En écho à une question précédemment posée, [je souhaiterais mieux] appréhender la notion de fil rouge. Doit-on s'attendre à une thématique particulière qui relierait les énigmes et/ou décryptages par ce point commun ? Exemple la cuisine. Ou alors quelque chose de plus précis comme tous les ingrédients et conditions nécessaires pour réaliser une tarte aux pommes à l'alsacienne ?",Ce sera plus précis qu'une thématique. Mais je ne peux pas donner plus de détails que ça. Mais ça sera plus précis que juste une thématique centrale.
91,FAQ15-91,Le centre de l'univers porte ce nom parmi d'autres ou est-ce une interprétation de votre part pour la chasse ?,"Non, il ne s'agit pas d'une interprétation de ma part, mais bien d'un élément vérifiable facilement."
92,FAQ15-92,"A propos de l’échiquier, il a beaucoup été question des cavaliers, des chevaux. Faut-il pour autant négliger le rôle des tours pour nos recherches ?","En effet, les cavaliers du jeu d'échecs sont plus importants que toutes les autres pièces réunies. Si certaines pièces, par exemple, n’ont pas de symbolique, n’ont pas de symboles, d'inscription ou de couleur qui les différencient des autres, en effet, vous pouvez y prêter beaucoup moins d'attention."
93,FAQ15-93,Est-ce qu’appliquer 253548 sur l’objet de chambre cachée permet de définir précisément le lierre de la connaissance ? De telle sorte qu'il ne peut y avoir aucune ambiguïté sur les points correspondants au lierre de la connaissance ?,"Non. Non, ça ne va pas vous aider là-dessus."
94,FAQ15-94,"Vous avez indiqué que nous pouvons trouver la pierre d'attente à travers le lieu familier, en partant de la chambre cachée et que Cachemire, Fer, Jade peut être une aide utile à ce moment là. Cela signifie-t-il que nous devons dévier le lierre de la connaissance vers le lieu familier à partir d'un certain point ?","Non, pas exactement, non. Je reste ce que je vous ai dit précédemment, à savoir que vous trouvez la pierre d'attente à travers le lieu familier en partant de la chambre cachée. Par contre, c'est à vous de comprendre comment décoder le terme de “planter le lierre de la connaissance”."
95,FAQ15-95,"A propos de Monsieur Blaireau, si je me promène avec lui main dans la main, pourrait-il me mener vers le lieu familier ?","Non, pas du tout."
96,FAQ15-96,Est-ce que l’identité de la personne qui ferme les yeux pour toujours dans la chambre cachée a fait l’objet d’incertitudes et été longue à confirmer ?,Non pas dans mon souvenir.
97,FAQ15-97,"On nous demande de trouver une chambre cachée. A ce stade, je pense, que vous êtes tout à fait conscient que nous sommes nombreux à avoir virtuellement pelleté une zone particulière. Cependant, ce qui nous amène à cette zone est un ensemble d'idées issues des réponses FAQ et d’un CDP particulier, ce qui est probablement une mauvaise méthode. Ainsi y a-t-il des éléments  textuels ou éléments issus du décryptages qui nous permettent de comprendre à quelle chambre cachée vous faites allusion à ce moment précis du jeu ?","Bien sûr, tout à fait. Il y a évidemment des éléments textuels de décryptage sans lesquels vous ne pourriez pas inventer cette chambre cachée."
98,FAQ15-98,"Vous affirmez en FAQ 11 que l’on plante le lierre de la connaissance depuis la chambre cachée. Alors qu'en FAQ 13, à la question aurait-on pu dire “depuis la chambre cachée plante-t-on le lierre de la connaissance en suivant cela tu trouveras la pierre d’attente”.","Oui, vous plantez le lierre de la connaissance, mais le lierre ne va pas forcément être tout droit. Donc, même si le point de départ est exact, vous n'allez pas le planter de la même façon et ça ne va pas prendre la même forme. Voilà ce que je pourrais dire. Donc non, pas de contradiction."
99,FAQ15-99,"Il est parfois difficile de ne pas perdre la raison lors d'une chasse au trésor. Ainsi, doit-on être fêlé pour entendre sonner le glas ?","Non, vous n'avez pas besoin d'être fêlé."
100,FAQ15-100,L'objet de la chambre cachée est-il musical ?,"Non, ce n'est pas un objet musical."
101,FAQ15-101,La chambre cachée l’était-elle déjà en 1784 ?,"Oui, même bien avant."
102,FAQ15-102,Mon pendule m'amène vers le département du Lot. Suis-je un illuminé ? J'achète des cartes IGN pour fouiller un peu plus. Je n'ai résolu aucune énigme.,Je ne pourrais pas répondre à cette question.
103,FAQ15-103,"Si de la devise de la France on ne devait garder qu'un seul terme pour illustrer l'Élixir d'Or, quel serait-il ?","Pour illustrer le gain d'Élixir d'Or, j'utiliserais le terme de fraternité puisque il s'agit du vin. Et le vin a été choisi pour la chasse parce qu'il incarnait des valeurs de convivialité, de banquet, de partage qui nous paraissaient très importantes dans le cadre d'un jeu qui peut parfois être très compétitif. Et où il faut parfois faire redescendre la température."
104,FAQ15-104,Est-ce qu'un bouvier peut m'être utile à l'énigme une ?,Non.
105,FAQ15-105,Vous avez dit que le fil rouge n'est pas un thème très général. Cela exclu donc des fils rouges comme l'alternance du bien et du mal dans la vie ou les guerres de religion. Est-ce que vous êtes d'accord avec moi ?,"Je trouve que le terme de guerre de religion ou alternance entre le bien et le mal ne sont pas des thèmes très généraux. Ceux sont tout de même des thèmes un peu plus précis, mais ce sera encore plus précis que cela si c'est votre question."
106,FAQ15-106,Est-ce que toutes les illustrations contiennent au moins un élément en lien avec le fil rouge ?,"Bien sûr, elles sont toutes reliées au fil rouge."
107,FAQ15-107,"Vous avez dit que si le personnage barbu se regardait dans un miroir, celui ci ne lui dirait pas qu'il est beau. Je n'ai pas compris si c'était une boutade ou si le personnage était réellement plutôt laid ?",Il s’agissait plutôt une boutade. Je ne me prononcerais pas sur la beauté physique du personnage.
108,FAQ15-108,"Pourquoi vous ne vouliez pas dire si le personnage était un homme ou une femme ? Vous avez dit que la barbe était naturelle. Certes, presque toutes les femmes ont naturellement un peu de poils au menton. Mais là sur les visuels,  il y a un sacré problème.","Vous savez, à l'époque, il y avait bien un Chevalier d’Éon qui a donné lieu à l’éonisme. Et donc, à partir de là, tout est possible dès le XVIIIᵉ siècle. Mais plus sérieusement, je ne peux plus répondre aux questions sur le personnage. Je pense en avoir dit un peu trop d'ailleurs. Et donc je préfère arrêter de répondre aux questions à ce sujet."
109,FAQ15-109,Est-ce que le lierre de la connaissance est constitué de 7 à 8 points en fonction de leur date de création/fondation ?,C'est une très bonne question. Je pense que vous progressez bien.
110,FAQ15-110,Est-ce que la connaissance peut se transmettre par l'architecture ?,Tout à fait. C'est possible. Par des lieux en tous cas qui dérivent forcément d’une architecture.
111,FAQ15-111,Le coffre est enterré à 60 cm de profondeur. Le sens propre du mot “enterré” est-il respecté ?,"J'avoue que je ne sais pas exactement. Si vous préférez le terme “d'enfoui”. Mais en tout cas, j'ai dû retirer 60 cm de terre avant de pouvoir mettre le coffre."
112,FAQ15-112,Les fanions rouges et blancs ont-ils été placés lors de la redécouverte de la salle au trésor du visuel quatre ou lors de la redécouverte de la chambre cachée de l'énigme cinq ?,Ils ont été redécouverts lors de la redécouverte de la salle du visuel quatre.
113,FAQ15-113,Peut-on constater le point de départ de la quête du personnage grâce aux cartes et qu'il souhaite se rendre au centre de l'univers ?,"Pas exactement, non."
114,FAQ15-114,Le rapporteur présent sur le visuel deux vient-il en confirmation d'un lieu précis ?,"Là-dessus, je ne peux pas répondre."
115,FAQ15-115,Le décryptage du pile poil est-il vraiment à la portée d'un novice ?,"D'un novice pour qui ce serait la première chasse au trésor,  s’il a beaucoup de sagacité, Oui. C’est un jeu de sagacité donc évidemment que la fin du jeu est un peu élitiste et va écrémer les chercheurs pour retenir une seule personne. Donc plus vous avancez dans le jeu, plus c'est difficile."
116,FAQ15-116,Peut-on apercevoir notre fidèle monture sur l'illustration deux ?,Je ne peux pas répondre à cette question.
117,FAQ15-117,"Énigme cinq, admettons que nous ayons trouvé la bonne pièce. La plus grosse difficulté est-elle de déterminer ensuite son poids en or, ou plutôt de calculer de façon générale, le coût en or nécessaire pour parcourir une lieue ?","La plus grosse difficulté est de trouver la pièce. Après la conversion se fait assez facilement. C'est un simple calcul mathématique à poser. Donc non, il n'y a pas de difficulté une fois que vous avez trouvé la pièce."
118,FAQ15-118,Peut-on dire que pour identifier la chambre cachée uniquement le texte du parchemin est utile ? Les visuels donnant simplement une ou des confirmations de son contenu ?,Les visuels et les éléments textuels sont utiles. Je ne peux pas dire sur un élément s'il faut plus s’appuyer sur l'un ou l'autre. Là je vous laisse analyser par vous même.
119,FAQ15-119,Vous disiez que je ne mériterais pas une médaille au sens propre si je découvrais l’identité du personnage. Je suis quand même un peu déçu car elle me plaisait déjà bien. Dois-je la laisse tomber car elle ne me sera pas utile ?,Je maintiens que je ne vois pas de médaille au sens propre qui vous serait décernée au moment où vous trouvez l'identité du personnage.
120,FAQ15-120,"Ciel et Terre, mystique et réel, croyance et pouvoir, est-ce comme le tronc de l'arbre ? Notre personnage nous apprend à allier ces différents éléments ?","Oui, ces thèmes sont récurrents et font partie des thèmes de l'Elixir."
121,FAQ15-121,"RC est-il connu de tous, sans pré requis de culture générale tel que des personnages, comme Harry Potter ? Ou est-il connu pour certains qui auraient eu accès à certains pans de la culture ?","Je ne pense pas que RC soit connu de tous. C'est en tout cas moins célèbre ou moins connu que, en effet, ce que vous dites le général de Gaulle ou Harry Potter."
122,FAQ15-122,Pourrait-on dire que le choix de la pièce de l’énigme cinq découle de la partie d'échecs ?,La réponse est non.
123,FAQ15-123,Les jumeaux le sont par leur attraction et ce qui peut en découler ?,"Non, je ne parlerais pas d'attraction. Ils le sont parce qu'ils sont de même nature."
124,FAQ15-124,Le visuel un est-il en miroir ?,"Non, il n'est pas en miroir."
125,FAQ15-125,"Sur l'énigme deux, lorsqu'on dit “tout demeure”, ce serait plutôt l'âme, le mal ou le cœur ?",Ce serait les jours et les mois qui viennent d'être cités dans l'énigme.
126,FAQ15-126,"Sur l'énigme deux, la partie cachée, cryptée, aurait-elle pu être prononcée par quelqu'un ?","Oui, tout à fait."
127,FAQ15-127,"Si je prends un ou plusieurs guides pour gravir le Mont-Blanc, ces guides peuvent-ils m'aider pour gravir une autre montagne ?","Oui, tout à fait."
128,FAQ15-128,"En énigme quatre, les hommes qui tombent peuvent-ils avoir un lien avec notre relique ?",Pas nécessairement.
129,FAQ15-129,Peut-on dissocier le lierre et la connaissance ?,Oui.
130,FAQ15-130,Peut-on trouver le lierre de la connaissance avant de trouver le lieu familier ?,Oui.
131,FAQ15-131,"Quand vous dites au nord du cachemire, du fer et du jade, est-ce un point précis à tracer ou une ligne précise à tracer ? Y a-t-il une autre utilité ?","Vous commencez à bien resserrer le sujet, donc je ne pourrais pas donner plus de précisions que ce que vous posez déjà comme question."
132,FAQ15-132,"“Ce que Dieu veut”, d'autres le veulent-ils également et agissent-ils en conséquence ?",Oui.
133,FAQ15-133,"Vous avez dit lors d'une précédente FAQ que chaque élément composant la trinité prend toute sa dimension à travers les deux autres. Pouvons-nous dire que ces trois éléments se complètent, voire se mélangent et qu'à la fin de notre quête ils sont en parfait équilibre.","Oui, tout à fait."
134,FAQ15-134,Peut-on voir une partie du centre de l'univers sur l'illustration cinq ?,Non.
135,FAQ15-135,Est-il toujours vrai que lierre de la connaissance lutte contre l'ignorance ?,"Oui, tout à fait. Le lierre de la connaissance continue de lutter contre l'ignorance. Peut-être un peu moins qu'avant, si je puis me permettre un jugement de valeur. Mais ce sera uniquement mon avis très subjectif."
136,FAQ15-136,Cette lutte et cette connaissance ont-elles vu le jour à l'époque du Comte de Saint-Germain et non avant ?,Je ne répondrais pas à cette question qui donnerait un peu trop de détails.
137,FAQ15-137,"Dans le visuel quatre, les fanions blanc et rouge, est-ce une histoire d'ordre ?",C'est une très bonne remarque et je ne répondrais pas à cette question.
138,FAQ15-138,"Dans la strophe deux du poème, J'ai l'impression qu'une bataille est au cœur de cette strophe. Suis-je dans le vrai ? Le Maître à la Bataille peut-il être identifié grâce à cet événement ?",Je ne répondrais pas à cette question non plus qui trop précise.
139,FAQ15-139,L’objet à trouver dans la chambre cachée peut-il être pris en main ?,"Pareil, je ne donnerais pas plus de précisions sur ce qu'il y a à trouver dans la chambre cachée."
140,FAQ15-140,Est-ce qu’il [ndr : l'objet de la chambre cachée] peut nous être utile et nécessaire pour entrer au paradis ?,"C'est une très bonne question. Je répondrais que oui, mais tout dépend de vos croyances."
141,FAQ15-141,"Le lieu familier est-il entouré d'autres lieux assez familiers, proches, ou est-il assez isolé ? Peut-il être localisé très précisément ?","Je ne répondrais pas sur la première partie, mais sur la dernière, oui il peut être localisé très précisément. Il vaut mieux d'ailleurs le localiser très précisément, sinon vous aurez du mal à trouver la pierre d'attente."
142,FAQ15-142,Est-ce que ça peut être utile d'avoir un plan de la chambre cachée pour résoudre 253548 ?,"Non, ça ne vous sera pas utile."
143,FAQ15-143,Un château de roche peut-il être considéré comme une pierre d'attente ?,Et la réponse est non.
144,FAQ15-144,"[Sur l'illustration trois, le jeu de faro m'incite à dénombrer des occurrences de certaines choses. Est-ce utile pour la chasse?]","Je ne peux pas répondre. D'une parce que vous ne parlez pas d'un élément qui me semble être en clair dans le jeu. Et deuxièmement, parce que je ne pense pas qu'il y ait des occurrences à trouver s'il devait y avoir cet élément."
145,FAQ15-145,Le lierre de la connaissance traverse-t-il un océan ?,"Ce serait une précision géographique trop importante, donc je ne pourrais pas y répondre."
146,FAQ15-146,Est-ce qu'un signe peut m'aider à gagner mon dernier combat ?,"C'est une excellente question. Oui, en effet, à ce moment du jeu, vous devez faire signe. Et il y aura une réponse à votre signe si vous avez bon allié."
147,FAQ15-147,L’objet de la chambre cachée est-il en 3D ?,Je ne peux pas répondre à cette question.
148,FAQ15-148,La conversion valeur pièce versus équivalent or peut dépendre fortement d'une date. Les énigmes nous aident-elles à trouver cette date ?,"J'ai pris la valeur la plus communément admise. Je ne me suis pas amusé à prendre une valeur très niche. Donc je vous encourage une fois que vous aurez trouvé la pièce, à prendre, la valeur la plus commune, usuelle, celle qui a été utilisée sur la période et la zone la plus étendue. Notamment au début du tirage de cette pièce."
149,FAQ15-149,Me comprenez-vous bien si je vous demande si il y a une part ou une sorte de destin à un moment précis du jeu ?,"Je ne suis pas sûr de bien vous comprendre. Je serais tenté de répondre que oui, plutôt une destinée qu’un destin. Mais pas sûr que je sois pile dans votre question."
150,FAQ15-150,Peut-on apercevoir le 12ᵉ rayon du soleil noir du visuel trois sur un autre visuel ?,Non.
151,FAQ15-151,Est-ce possible que notre fil rouge nous pousse à attribuer plusieurs significations différentes aux couleurs des cavaliers sur l'échiquier ?,"Non. Selon les fils rouges, vous aurez sûrement des significations qui sont différentes. Mais dans le fil rouge de la chasse, non il y a une seule signification."
152,FAQ15-152,Aurait-on pu dire que c'est par foi et d'effroi que l'homme y verra net ?,"Oui, c'est ça. C'est par foi ou d'effroi que l’homme y verra net. Je crois d'ailleurs que c'est ce qui est dit dans le poème du jeu."
153,FAQ15-153,Un personnage fémininnous aide-t-il à un moment du jeu ?,"Je ne répondrais pas à cette question, à part le fait que le Comte de Saint-Germain a aimé des reines et que c'est bien précisé dans le testament préambulaire."
154,FAQ15-154,Le canal du midi a-t-il un lien avec la chasse ?,C'est trop précis comme localisation donc je pourrais pas vous dire.
155,FAQ15-155,La grappe en elle-même est-elle plus importante que son bonus pour avancer dans la chasse ?,Les deux sont importantes. Je ne dirais pas qu'il y en a une qui est plus importante que l'autre.
156,FAQ15-156,"Vous venez de dire que localiser précisément le lieu familier est utile pour trouver la pierre d’attente. Jusqu'à maintenant, vous nous affirmiez qu'il suffisait du lierre, du cachemire, du fer, du jade et de la chambre. Erreur de votre part ?","Non, je ne pense pas avoir dit ça. Si j'ai pu le sous entendre par erreur, non, non, vous avez évidemment besoin du lieu familier puisque c'est à travers le lieu familier, en partant la chambre cachée, que vous allez trouver la pierre d'attente."
157,FAQ15-157,"A choisir, plutôt Gaïa ou Alma Mater comme terreau pour planter le lierre de la connaissance ?",Plutôt Alma Mater que Gaïa.
158,FAQ15-158,"Pour décrypter le soleil noir, doit-on prendre en compte le signe astrologique ainsi que les étoiles autour ? Ou est-ce à séparer du soleil ?",Je ne peux pas répondre à cette question.
159,FAQ15-159,"Le sépulcre d’Azur est-il étoilé ? Et à la fin, pouvons-nous tutoyer, frôler les anges ?",Oui et oui.
160,FAQ15-160,"1 - Faisons suite à une question que je vous ai posée dans une FAQ précédente, au risque d'entendre que vous ne pouvez pas répondre. On va faire un petit parallèle entre l’Élixir d’Or et la cuisine. Imaginez qu'on compare le parchemin à des pâtes à la carbonara. Utiliser un peu de crème, est-ce sacré au profane ? 2 - Donc, cela serait-il utile pour notre recette ?","1 - Non, ce n'est pas profane. Pour moi, ça peut être important. 2 - Oui, oui, c'est ça. Il ne faut pas être extrêmement rigide dans la résolution du jeu. Même s'il y a un fil rouge, les thèmes qui sont évoqués et les méthodes de décodage sont suffisamment variées pour que vous ayez besoin de faire de temps à autre des allers retours."
161,FAQ15-161,Le Comte est-il le premier à avoir l’immortalité ou a-t-il succédé à quelqu'un ?,"Non, ce n'est pas le premier à avoir eu l'immortalité."
162,FAQ15-162,"Pour vous, quelle énigme ou visuel représente le mieux le fil rouge ?","Je ne pourrais pas répondre à cette question. Ils le représentent tous, parfois d'une façon différente."
163,FAQ15-163,Le centre de l'âme du coup de pouce un a-t-il une correspondance ou un lien avec le lierre de la connaissance ?,"Oui, il a un lien avec une partie du lierre de la connaissance."
164,FAQ15-164,"Si je vous dis que je dois suivre les instructions d'un ami napolitain donné à un certain “Philochate”, suis-je dans le vrai ?",C'est beaucoup trop précis. Donc je pourrais pas répondre à votre question.
165,FAQ15-165,Une porte de ville a-t-elle son importance dans le jeu ?,"De ville, non. Pas à ma connaissance non. Pas de ville, mais il peut y avoir des portes importantes."
166,FAQ15-166,"Les énigmes écrites 1, 2, 3 et 4 peuvent-elles nous aider à trouver  la chambre cachée ?","Oui, tout à fait."
167,FAQ15-167,L'allié précieux est-il lié directement ou indirectement aux reliques ?,Je ne peux pas répondre à cette question. Ça concerne un stade beaucoup trop avancé jeu.
168,FAQ15-168,La première relique est-elle sur le personnage de l'illustration cinq qui jette l'épée ?,Oui.
169,FAQ15-169,Est-ce que le rayon qui manque sur le soleil noir est important en terme de position ?,Non.
170,FAQ15-170,Est-ce que la chasse fait un clin d'œil à un cycliste ?,"Si clin d’œil il y a, il sera de façon complètement fortuite. Puisque mes connaissances en cyclisme sont malheureusement extrêmement limitées."
171,FAQ15-171,"Concernant la force d'âme, la fidèle monture et l’allié précieux, est-il préférable de : 1, les pointer tour à tour. 2, les relier les uns aux autres. Ou 3, les considérer comme un tout genre trois en un.","Il est important à la fois de les pointer tour à tour, mais également de les relier les uns aux autres. J’écarterais la troisième piste, même s'il y a un liant. Ils ne sont pas un tout, comme par exemple la Trinité ou d'autres triptyques."
172,FAQ15-172,La charade fonctionne-t-elle par syllabes ?,Je ne peux pas vous dire quels sont les différents items à trouver dans la charade et quelles formes ils prennent.
173,FAQ15-173,Doit-on essuyer les larmes d'un personnage ?,Non.
174,FAQ15-174,Le pile poil se déduit-il dans FIN du parchemin ou bien devons-nous faire un dernier calcul ?,"C'est une très bonne question. Il n'y a pas de dernier calcul, mais il y a bien, un dernier obstacle à franchir."
175,FAQ15-175,Je joue à l’Élixir d’Or et je parle donc bien de vous. La question porte sur un récit existant et/ou plusieurs récits existants imbriqués ensemble. A celle de certains créateurs d'énigmes.,"Donc un récit existant ou plusieurs récits existants de moi ? Parce qu’en l'occurrence, l'Élixir est ma première chasse. Donc il n’y aura pas d'autre référence. Il peut m'arriver de faire des clins d'œil à l'Élixir dans les chasses ultérieures, mais c'est tout. Et ensuite, par contre, l’Élixir se base bien sur des récits existants, des récits réels qu'il convient de creuser. Si c’est ça votre question."
176,FAQ15-176,Une méthode redondante qui se répète pour constituer l'ADN du fil rouge ?,Je ne parlerais pas exactement de méthode. Donc plutôt non.
177,FAQ15-177,Est-ce que les chiffres de l'énigme quatre doivent subir un démêlage ou une soustraction ?,"Ils sont à leur bonne place. Vous n'avez pas besoin de les inverser. Après, c'est à vous de leur donner du sens. Mais les chiffres sont à leur bonne place. Après, je pourrais pas vous dire comment les analyser."
178,FAQ15-178,Le Comte de Saint-Germain a-t-il eu lui aussi à combattre le même Big Boss que le personnage va combattre ?,Je ne peux pas répondre à cette question sans donner trop d'indices. Donc je passe.
179,FAQ15-179,La balance Libra a-t-elle une représentation géographique ?,Non.
180,FAQ15-180,La première relique a-t-elle été volée puis retrouvée ?,"Oui, tout à fait."
181,FAQ15-181,Les chiffres suivant la chambre cachée ont-ils été compris par des joueurs ?,"Je ne sais pas. Ça fait longtemps que je n'ai pas fait de sondage. Je vais surement en faire un pour Noël, puisque le dernier remonte à six mois. Et donc je pourrais voir vos avancées à ce sujet. Mais je crois que c'est l’un des éléments de blocage du jeu, tout comme l'était la pièce."
182,FAQ15-182,Y’avait-il une raison particulière à placer des nuages devant le canasson dans l'illustration six ?,"C'est pour vous montrer que cheval est monté haut dans les cieux. Et sinon, non, il n'y avait pas d'instructions précises dans le cahier des charges."
183,FAQ15-183,Un astrolabe peut-il m'aider ?,Je dirais plutôt que non.
184,FAQ15-184,"Une fois la charade résolue, les items sont-ils importants pour la résolution de l'énigme cinq ou pour le jeu ?","À la fois pour la résolution de l’énigme cinq et aussi parce qu'ils vont vous aider à identifier, à rétrécir la thématique du jeu."
185,FAQ15-185,"“Ce que Dieu veut” l’a-t-il déjà voulu et obtenu en d'autres occasions ? “In Real Life” par exemple ? Si oui, y a-t-il
des traces concrètes de cela ?","Pas forcément dans le contexte de la chasse. Ça ne s’est jamais matérialisé comme ça se matérialise dans le cadre de l'Élixir. Après, “ce que Dieu veut” est un thème très récurrent. Et donc l'Élixir ne va pas réinventer l'eau tiède. Donc là dessus, évidemment que “ce que Dieu veut”, il va y avoir une confirmation quand vous aurez trouvé le tracé à effectuer, vous comprendrez bien que c'est une volonté de Dieu."
186,FAQ15-186,"“La fleur est sur la croix” ou bien “la pierre est sur le feu”, ces deux vers nécessitent-ils un tracé ou bien symbolisent-ils chacun un lieu ?",Je ne peux pas répondre à cette question. Mais c'est un des vers les plus importants du jeu et du poème.
187,FAQ15-187,Est-il important de garder en mémoire l'emplacement exact de Golgotha ?,Oui.
188,FAQ15-188,Un point de passage dissimulé fait-il partie de notre parcours ?,"Tous les lieux dans l’Élixir sont en quelque sorte dissimulés par des codes secrets, des recherches à faire. Mais sinon, il n'y aura pas de passage secret. Vous trouverez forcément une trace du lieu sur internet puisqu'il n'y a pas besoin de se déplacer pour collecter des indices. Tout peut être résolu depuis chez vous. Donc à partir de là, je ne vais pas vous mettre des passages secrets qui ne seraient pas connus des non-initiés du lieu."
189,FAQ15-189,"Le lierre de la connaissance incarne-t-il une idée d'universalité ? Et si de la connaissance à la renaissance il n’y avait qu’un pas, devrais-je le franchir ?","Non, je ne dirais pas que ce soit exactement la même notion que l'universalité. Et la troisième, non, vous ne devriez pas franchir ce pas. Il n'y a pas qu'un pas, en fait, entre la connaissance et la renaissance."
190,FAQ15-190,Tous les éléments du lierre de la connaissance existent-ils toujours de nos jours ?,Oui.
191,FAQ15-191,Le lieu précis du visuel quatre est-il connecté d'une manière ou d'une autre au lieu du visuel cinq ?,Je ne peux pas répondre à cette question.
192,FAQ15-192,"Pour le fil rouge, plutôt ambiance fin du monde ou TP de chimie ?",Je ne peux pas répondre à cette question.
193,FAQ15-193,"S'il n'y a plus d'eau bénite dans le flacon, faut-il redescendre en chercher directement à la source ?","Oui. Après, vous n'aurez pas besoin de faire des allers retours à la source. Vous pouvez y aller une seule fois et ça suffira. Mais il y a bien une source à identifier dans la chasse."
194,FAQ15-194,Quel est le niveau de 1 à 10 de cette chasse ? 10 étant introuvable.,"Je vous confirme que la chasse n'est pas introuvable. Après, je ne sais pas quel niveau lui donner. Je considère que la chasse de l'Élixir d’Or est quand même d'un niveau au moins difficile, voire très difficile. C'est pour ça qu'elle est prévue pour une durée assez longue. C'est une chasse de longue haleine."
195,FAQ15-195,La chasse nous amène-t-elle à trouver une clé pour l'énigme deux.,"Non, il n'y a pas de clé à trouver. Il y a un décodage à faire. Mais pas une clé au sens où on entend cryptographie."
196,FAQ15-196,Si je vous dis que je dois passer l'épreuve du jugement d'Anubis pour accéder à l'immortalité tant attendue. Suis-je dans le vrai ?,"Sans parler du jugement d'Anubis, l'Egypte antique, ses rituels et sa mythologie sont en effet présents dans la chasse. Vous avez raison de vous intéresser au jugement d'Anubis par voie de conséquence."
197,FAQ15-197,"Pour que ma monture me soit fidèle, dois-je accomplir plusieurs épreuves avec elle ? La sauver d'un péril ? L'apprivoiser dès son plus jeune âge ?","Même si la monture vous est familière puisque vous avez déjà, entre guillemets, vécu ou été ensemble sur certains lieux, elle vous sera d'autant plus fidèle parce ce qu’elle symbolise. Aucune vraiment des trois propositions."
198,FAQ15-198,Doit-on se préoccuper de savoir quelle partie du mal est touchée par notre épée lors du combat ?,"Alors, c'est une bonne question. Je ne crois pas être allé dans ce niveau de détail."
199,FAQ15-199,"Aux échecs, je modifie la colorimétrie, sauf sur les cavaliers ?",Vous n'avez pas besoin de modifier la colorimétrie.
200,FAQ15-200,Les cases vierges du quadrillage ont-elles leur importance ?,Je ne peux pas répondre à cette question. Mais vous avez raison d'analyser un peu plus en détail ce quadrillage qui est quand même assez spécifique.
201,FAQ15-201,La pierre d’attente peut-elle tourner sur elle-même ?,"Je pense que ce sera très difficile  et ça demanderait un gros effort physique. Mais ça me semble possible. Pas de son propre fait, mais avec une volonté extérieure."
202,FAQ15-202,Combien y a-t-il d'éléments qui nous reconnaissent comme leur maître ?,Il y en a quatre.
,FAQ15-203,Hiram et le lierre de la connaissance ont-ils un lien ?,Oui.
,FAQ15-204,"L'ordre mourut de s'être vu monter plus haut que Roi. N'aurait-il pas été possible de le soigner, voire de l’hospitaliser pour éviter cette fin tragique ?",Je trouve que derrière l'aspect amusant de votre remarque se cache une vraie pertinence.
,FAQ15-205,Le coffre est-il enterré à moins de 100 kilomètres d'une parcelle viticole ?,"Oui, il est enterré à moins de 100 kilomètres d'une parcelle viticole. Je ne pense pas prendre trop de risques en vous répondant cela."
,FAQ15-206,L'ami précieux est-il un humain ?,"Je ne peux pas répondre à cette question. Et c'est un allié précieux, plus qu'un ami."
,FAQ15-207,Le personnage porte la première relique sur lui mais n'a rien dans ses poches. Est-elle cachée par ses habits comme le capuchon par exemple ?,"Je crois que l'illustratrice n'est pas allée dans ce niveau de détail. C’est la raison pour laquelle vous ne verrez pas forcément de poche. Mais il a bien la relique avec lui. Entre guillemets, il l’a bien déjà récupérée. Peu importe qu'elle soit sous ses habits ou non, ça ça a moins d'importance."
,FAQ15-208,"L’objet de la chambre caché est-il précurseur d'autres plus perfectionnés, plus élaborés, voire de mouvements et de découvertes importantes à travers le temps et l'espace ?","Non, pas vraiment."
,FAQ15-209,Doit-on s'intéresser plus précisément aux pièces ou peut-on les laisser de côté une fois utilisées ?,"Si vous parlez de pièces de monnaie, une fois que vous aurez trouvé l'utilisation de la pièce de monnaie, vous pourrez laisser ça de côté. Ça ne vous sera pas utile pour la suite du jeu."
,FAQ15-210,"Si on reproduit les étapes qui ont permis au Comte de devenir immortel, est-il normal que nous ayons cet adversaire dans le combat final ?","Oui, tout à fait. Même c'est primordial. Tout se joue au moment de ce combat."
,FAQ15-211,"Le saviez-vous, en inversant les couleurs de l'échiquier, il apparaît bien plus classique ? Si je n’inverse pas les couleurs sur les cavaliers et seulement les cavaliers, c'est très bien ?","Oui, en effet. Vous n'avez pas besoin de changer les couleurs des pièces de l'échiquier."
,FAQ15-212,Les items de charade de l'énigme quatre auraient-ils pu être présentés dans un ordre légèrement différent ? Ou dans n'importe quel ordre ?,"Je parlais de 1543 1938 et de la charade qui pour moi font partie d'un tout qui vous permet de trouver le résultat de la charade. Et donc on aurait pu intervertir ces deux bouts d'énigme. Après les six items de la charade de mon premier à mon dernier, ça doit bien se suivre dans l'ordre qui est donné dans le jeu."
,FAQ15-213,“Ce siècle atrophié” est une vision du siècle tout entier ou une référence à des événements précis ?,"C'est une référence à des événements précis. De façon générale, le siècle en question, on va dire, n'est pas le meilleur siècle qu'ait connu l'humanité."
,FAQ15-214,Vous avez dit que l'objet de la chambre cachée est unique à celle-ci. N’y a-t-il pas d'autre allusion à cet objet dans d'autres chambres cachées ?,"Je n'ai pas vérifié pour toutes les potentielles chambres cachées. Mais en tout cas, c'est dans la chambre cachée que vous cherchez que l'objet occupe un rôle central qu’il n'aura pas forcément dans d'autres chambres cachées."
,FAQ15-215,"Lorsqu’il nous faut tourner notre regard en pèlerin, est-il préférable de prendre de la hauteur ou de rester les pieds sur terre ?","Il est préférable d'y aller à vol d’oiseau, si c'est votre question. A la fin, vous avez bien à un lieu terrestre."
,FAQ15-216,Les visuels ont-ils un ordre chronologique précis dans le fil rouge ?,Oui.
,FAQ15-217,"L’objet utile de la chambre cachée peut-il être trouvé ailleurs ? Une copie à proximité, par exemple ?",Je ne sais pas. Il faudrait que je vérifie.
,FAQ15-218,Une des trinités est-elle plus d'intérêt qu'une autre ?,"Oui, tout à fait."
,FAQ15-219,L'objet de la chambre cachée donne-t-il un indice sur RC ?,C’est deux éléments bien distincts.
,FAQ15-220,"Si je devais transposer un tracé que j'aurais dessiné en comportant plusieurs points. Devrais-je le faire en conservant les distances ou en changeant d'échelle ? Cette transposition pourrait-elle être transfrontalière, voire transcontinentale ?","Je ne peux pas répondre à cette question puisque je pense que vous faites allusion à “ce que Dieu veut”, et c'est un élément trop avancé du jeu."
,FAQ15-221,"Visuel six,  l'ami précieux est-il présent dans le combat ?",Je reprécise qu'il s'agit bien d'un allié précieux. Et je ne peux pas répondre à cette question.
,FAQ15-222,Est-il important que nous entrions dans la pièce du visuel quatre en descendant ?,"Oui, il est important de passer par cette pièce. Et en effet, vous descendez bien."
,FAQ15-223,"Dans l’énigme six, le mal a-t-il été source de conflits depuis plusieurs siècles ?","Oui, tout à fait."
,FAQ15-224,"Dans l'expression “In vino veritas”, la vérité est-elle : A, un point d'émergence. B, un point de relais. C, un point d'orgue. Ou D, un point final ? Et plus généralement, dans la chasse.","Je ne sais pas si il y a un des quatre termes qui s'applique le mieux au jeu, donc je préfère passer. Je pense que ça pourrait induire en erreur. En tout cas, je n'en vois pas un qui se dégage et qui s'impose dans l’Élixir."
,FAQ15-225,Est-ce que les énigmes sont écrites par le CSG ? À qui s'adresse-t-il ?,"Le Comte de Saint-Germain est en effet le narrateur principal. C'est lui qui a écrit notamment le testament. C'est bien sur cette personnalité qu'il faut concentrer vos efforts de recherche. Il s'adresse à vous puisqu'il s'adresse à son potentiel héritier, à la personne qui pourra trouver son secret."
,FAQ15-226,La pièce du visuel quatre se trouve-t-elle assez proche de la pierre d'attente ?,Non.
,FAQ15-227,"Pour trouver la lieue de l'énigme cinq, y a-t-il un indice dans le parchemin ? Ou juste prendre celle de la même période que la pièce ?","Je ne peux pas répondre à cette question. Mais évidemment, comme il y a plusieurs lieues, le parchemin vous donnera une indication sur la lieue à utiliser."
,FAQ15-228,Une des grosses difficultés pour inclure une piste ou non dans notre cheminement est de savoir si les éléments que nous souhaitons y intégrer doivent être considérés comme anachroniques ou non. Y a-t-il moyen d'exclure certaines périodes de l'histoire ? Et doit-on systématiquement exclure tout ce qui se passe après 1784 ?,"Non. Je ne peux pas répondre à cette question parce qu'elle est trop liée au rapport au temps du Comte. Donc désolé si vous avez l'impression que je botte en touche, mais, si vous trouvez des éléments postérieurs à 1784 qui font parfaitement sens dans l’Élixir, si j'étais vous, je ne les exclurais pas."
,FAQ15-229,"Le lieu final : s'il avait été impossible de cacher le coffre le jour prévu pour une cause quelconque, aurais-tu pu changer le lieu de la cache le jour même ?","Non, je n'aurais pas pu changer le lieu de la cache le jour même. Ou alors après j'aurais dû modifier les énigmes, mais je n'ai pas modifié les énigmes."
,FAQ15-230,"Dans l'énigme cinq, il nous est dit “sous St Estèphe”, etc, don’t acte. En toute hypothèse, si à un autre moment du jeu, il nous était de nouveau signifié, de quelque façon que ce soit “sous autre chose”, faudrait-il interpréter cette indication à l'identique de celle de l'énigme cinq, ou bien différemment ?","Globalement, le mot “sous” a à peu près la même définition dans tout le jeu. Je ne suis pas allé inventer une autre définition. C'est bien en dessous. Alors ça dépend ce que vous considérez. Ça peut être en dessous sur une carte. Ça peut être en dessous physiquement. Mais ça restera proche de la définition d'en dessous."
,FAQ15-231,Sors l'épée s'adresse à moi ?,Oui.
,FAQ15-232,"Après dix jours de recherche, si vous avez répondu non à 5/6ème de mes questions, dois-je me décourager ?","Non, je pense que c'est plutôt bon signe puisque je réponds quand même à au moins deux tiers, voire trois quart des questions. Et les questions auxquelles je ne peux pas répondre parce que soit elles sont trop pertinentes, soit elles sont trop précises. C'est plutôt encourageant."
,FAQ15-233,Notre allié précieux est-il antérieur à 1700 ?,Je ne peux pas répondre à cette question sans trop donner d'indices sur cet allié.
,FAQ15-234,"Passent les jours, passent les mois”, qu'en est-il des heures ? Peut-on/doit-on compter sur elles ?","Non, ce n'est pas précisé donc vous pouvez vous concentrer sur les jours et les mois à ce moment précis du jeu."
,FAQ15-235,"Le terme “dernier combat” a été évoqué il y a plusieurs reprises. Il semble en effet qu'en suivant le personnage à travers son périple, nous rencontrions d'autres conflits. Si j'ai identifié une lutte intestinale en filigrane, un camp serait indiqué textuellement en clair ? Un autre serait caché et apparaîtrait suite à nos recherches ?","Oui, vous avez raison, il y a bien un combat qui est très important à la fin. Mais évidemment, le jeu fait appel à des connaissances historiques qui peuvent être mobilisées et peuvent faire référence à d'autres combats qui sont très importants dans le contexte historique, religieux, philosophique, de la chasse."
,FAQ15-236,L'eau est-elle vraiment près du coffre ?,"Ça, je ne peux pas répondre."
,FAQ15-237,"Est-ce que l'imaginaire, le tapis de la crypte du visuel quatre seraient-ils volants et pourraient-ils me mener directement ou indirectement à la chambre cachée ?",Je dirais que non.
,FAQ15-238,Sous l'œuvre du Pape pour “en dessous” ?,Je dirais que non. Vous n’aurez pas besoin d'aller en dessous du Pape.
,FAQ15-239,"Quand vous dites qu’on a l'emplacement du coffre au centimètre près grâce à INRI, c'est grâce au paragraphe entier ou plutôt grâce à l'acronyme ?",C'est plutôt grâce au paragraphe dans son intégralité.
,FAQ15-240,"Ai-je tort de penser qu'à travers plusieurs énigmes visuelles [et autres faqs, nous avons déjà évoquer des éléments directement liés à la connaissance à laquelle le lierre fait référence ?]","Oui, tout à fait. Vous avez raison de penser que la chasse peut vous évoquer différents éléments liés à la connaissance à laquelle le lierre fait référence. Tout à fait."
,FAQ15-241,"[Dans une précédente FAQ vous avez dis que pour compléter notre grappe, il fallait zoomer mais la grappe fait plusieurs kilomètres]",Il faut zoomez sur une carte. C'est à dire que je parlais du bonus.